vmId,allocationTime,allocated,fromHost,toHost,migrationTime,migrationSuccess
13,1667.0581833333333,true,2,10,0.0,true
14,1667.0265833333333,true,2,10,0.0,true
15,1667.0233833333334,true,2,10,0.0,true
16,1667.0226833333334,true,2,10,0.0,true
17,1667.0225833333334,true,2,10,0.0,true
18,1667.0224833333334,true,2,10,0.0,true
