vmId,allocationTime,allocated,fromHost,toHost,migrationTime,migrationSuccess
6,2.8265428571428575,true,1,3,0.0,true
7,2.813542857142857,true,1,3,0.0,true
8,2.8119428571428573,true,1,3,0.0,true
9,2.8113428571428574,true,1,3,0.0,true
10,2.811242857142857,true,1,3,0.0,true
11,2.811242857142857,true,1,3,0.0,true
12,2.8111428571428574,true,1,3,0.0,true
