vmId,allocationTime,allocated,fromHost,toHost,migrationTime,migrationSuccess
0,3.2686666666666664,true,0,3,0.0,true
1,3.226766666666667,true,0,3,0.0,true
2,3.2338666666666667,true,0,3,0.0,true
3,3.220466666666667,true,0,3,0.0,true
4,3.2207666666666666,true,0,3,0.0,true
5,3.2336666666666667,true,0,3,0.0,true
