vmId,allocationTime,allocated,fromHost,toHost,migrationTime,migrationSuccess
12,0.11586666666666667,true,2,3,0.0,true
13,0.10816666666666667,true,2,3,0.0,true
14,0.10776666666666668,true,2,3,0.0,true
0,0.7813500000000001,true,0,3,0.0,true
1,0.76915,true,0,3,0.0,true
2,0.7641500000000001,true,0,3,0.0,true
3,0.7622500000000001,true,0,3,0.0,true
4,0.7605500000000001,true,0,3,0.0,true
5,0.76065,true,0,3,0.0,true
