vmId,allocationTime,allocated,fromHost,toHost,migrationTime,migrationSuccess
12,0.08356666666666665,true,2,3,0.0,true
13,0.06666666666666665,true,2,3,0.0,true
14,0.06556666666666666,true,2,3,0.0,true
6,0.5496666666666666,true,1,4,0.0,true
7,0.5426666666666666,true,1,4,0.0,true
8,0.5421666666666666,true,1,4,0.0,true
9,0.5419666666666666,true,1,4,0.0,true
10,0.5418666666666666,true,1,4,0.0,true
11,0.5419666666666666,true,1,4,0.0,true
