vmId,allocationTime,allocated,fromHost,toHost,migrationTime,migrationSuccess
6,4.536766666666667,true,1,4,0.0,true
7,4.527066666666667,true,1,4,0.0,true
8,4.522966666666667,true,1,4,0.0,true
9,4.521666666666667,true,1,4,0.0,true
10,4.521466666666667,true,1,4,0.0,true
11,4.524866666666667,true,1,4,0.0,true
