vmId,allocationTime,allocated,fromHost,toHost,migrationTime,migrationSuccess
6,627.5353666666666,true,1,7,0.0,true
7,627.4863666666666,true,1,7,0.0,true
8,627.4848666666666,true,1,7,0.0,true
9,627.4866666666666,true,1,7,0.0,true
10,627.4846666666666,true,1,7,0.0,true
11,627.4844666666665,true,1,7,0.0,true
