vmId,allocationTime,allocated,fromHost,toHost,migrationTime,migrationSuccess
13,1510.321766666667,true,2,10,0.0,true
14,1510.311766666667,true,2,10,0.0,true
15,1510.3112666666668,true,2,10,0.0,true
16,1510.310066666667,true,2,10,0.0,true
17,1510.3101666666669,true,2,10,0.0,true
18,1510.309966666667,true,2,10,0.0,true
