vmId,allocationTime,allocated,fromHost,toHost,migrationTime,migrationSuccess
0,4.330283333333334,true,0,3,0.0,true
1,3.0181833333333334,true,0,3,0.0,true
2,3.0146833333333336,true,0,3,0.0,true
3,3.0134833333333333,true,0,3,0.0,true
4,3.0127833333333336,true,0,3,0.0,true
5,3.0129833333333336,true,0,3,0.0,true
