vmId,allocationTime,allocated,fromHost,toHost,migrationTime,migrationSuccess
12,0.07403333333333333,true,2,3,0.0,true
13,0.07033333333333333,true,2,3,0.0,true
14,0.06873333333333333,true,2,3,0.0,true
0,0.9451,true,0,3,0.0,true
1,0.9309000000000001,true,0,3,0.0,true
2,0.9298000000000001,true,0,3,0.0,true
3,0.9296,true,0,3,0.0,true
4,0.9292,true,0,3,0.0,true
5,0.9293,true,0,3,0.0,true
