vmId,allocationTime,allocated,fromHost,toHost,migrationTime,migrationSuccess
6,83.91807142857144,true,1,5,0.0,true
7,83.89847142857143,true,1,5,0.0,true
8,83.89547142857143,true,1,5,0.0,true
9,83.89477142857143,true,1,5,0.0,true
10,83.89497142857144,true,1,5,0.0,true
11,83.89837142857144,true,1,5,0.0,true
12,83.89507142857143,true,1,5,0.0,true
