vmId,allocationTime,allocated,fromHost,toHost,migrationTime,migrationSuccess
30,626.8928833333333,true,5,8,0.0,true
31,626.8822833333334,true,5,8,0.0,true
32,626.8825833333334,true,5,8,0.0,true
33,626.8781833333334,true,5,8,0.0,true
34,626.8820833333334,true,5,8,0.0,true
35,626.8784833333334,true,5,8,0.0,true
