vmId,allocationTime,allocated,fromHost,toHost,migrationTime,migrationSuccess
13,18105.995255555557,true,2,5,0.0,true
14,18105.984455555557,true,2,5,0.0,true
15,18105.98095555556,true,2,5,0.0,true
16,18105.98075555556,true,2,5,0.0,true
17,18105.98045555556,true,2,5,0.0,true
18,18105.98035555556,true,2,5,0.0,true
19,18105.98045555556,true,2,5,0.0,true
20,18105.98035555556,true,2,5,0.0,true
21,18105.980555555558,true,2,5,0.0,true
