vmId,allocationTime,allocated,fromHost,toHost,migrationTime,migrationSuccess
12,253.4430857142857,true,2,5,0.0,true
13,253.4279857142857,true,2,5,0.0,true
14,253.4252857142857,true,2,5,0.0,true
15,253.4237857142857,true,2,5,0.0,true
16,253.4233857142857,true,2,5,0.0,true
17,253.4231857142857,true,2,5,0.0,true
18,253.4233857142857,true,2,5,0.0,true
