vmId,allocationTime,allocated,fromHost,toHost,migrationTime,migrationSuccess
13,17860.135344444443,true,2,5,0.0,true
14,17860.120244444443,true,2,5,0.0,true
15,17860.116344444443,true,2,5,0.0,true
16,17860.115944444442,true,2,5,0.0,true
17,17860.115744444443,true,2,5,0.0,true
18,17860.117744444444,true,2,5,0.0,true
19,17860.115944444442,true,2,5,0.0,true
20,17860.115744444443,true,2,5,0.0,true
21,17860.117044444443,true,2,5,0.0,true
