vmId,allocationTime,allocated,fromHost,toHost,migrationTime,migrationSuccess
36,6489.569166666667,true,6,10,0.0,true
37,6489.553266666667,true,6,10,0.0,true
38,6489.548566666667,true,6,10,0.0,true
39,6489.547166666667,true,6,10,0.0,true
40,6489.547066666667,true,6,10,0.0,true
41,6489.547066666667,true,6,10,0.0,true
