vmId,allocationTime,allocated,fromHost,toHost,migrationTime,migrationSuccess
6,74.02623333333332,true,1,5,0.0,true
7,74.01763333333332,true,1,5,0.0,true
8,74.01703333333333,true,1,5,0.0,true
9,74.01693333333333,true,1,5,0.0,true
10,74.01683333333332,true,1,5,0.0,true
11,74.01693333333333,true,1,5,0.0,true
