vmId,allocationTime,allocated,fromHost,toHost,migrationTime,migrationSuccess
6,0.8943571428571429,true,1,3,0.0,true
7,0.8807571428571428,true,1,3,0.0,true
8,0.8677571428571428,true,1,3,0.0,true
9,0.8618571428571429,true,1,3,0.0,true
10,0.8589571428571429,true,1,3,0.0,true
11,0.8582571428571428,true,1,3,0.0,true
12,0.8592571428571428,true,1,3,0.0,true
