vmId,allocationTime,allocated,fromHost,toHost,migrationTime,migrationSuccess
7,1.0282833333333334,true,1,3,0.0,true
8,1.0141833333333334,true,1,3,0.0,true
9,1.0105833333333334,true,1,3,0.0,true
10,1.0098833333333335,true,1,3,0.0,true
11,1.0158833333333335,true,1,3,0.0,true
12,1.0097833333333335,true,1,3,0.0,true
