vmId,allocationTime,allocated,fromHost,toHost,migrationTime,migrationSuccess
36,6340.1970666666675,true,6,10,0.0,true
37,6340.165766666667,true,6,10,0.0,true
38,6340.163466666667,true,6,10,0.0,true
39,6340.162966666668,true,6,10,0.0,true
40,6340.163166666667,true,6,10,0.0,true
41,6340.162966666668,true,6,10,0.0,true
