vmId,allocationTime,allocated,fromHost,toHost,migrationTime,migrationSuccess
6,154.7942142857143,true,1,5,0.0,true
7,154.7710142857143,true,1,5,0.0,true
8,154.7653142857143,true,1,5,0.0,true
9,154.76461428571432,true,1,5,0.0,true
10,154.7643142857143,true,1,5,0.0,true
11,154.7662142857143,true,1,5,0.0,true
12,154.7643142857143,true,1,5,0.0,true
