vmId,allocationTime,allocated,fromHost,toHost,migrationTime,migrationSuccess
6,31.35778333333333,true,1,5,0.0,true
7,31.338683333333332,true,1,5,0.0,true
8,31.335583333333332,true,1,5,0.0,true
9,31.335083333333333,true,1,5,0.0,true
10,31.33748333333333,true,1,5,0.0,true
11,31.33498333333333,true,1,5,0.0,true
