vmId,allocationTime,allocated,fromHost,toHost,migrationTime,migrationSuccess
12,0.15213333333333334,true,2,3,0.0,true
13,0.14903333333333335,true,2,3,0.0,true
14,0.14673333333333335,true,2,3,0.0,true
6,1.2286,true,1,3,0.0,true
7,1.2190999999999999,true,1,3,0.0,true
8,1.212,true,1,3,0.0,true
9,1.2106999999999999,true,1,3,0.0,true
10,1.2097,true,1,3,0.0,true
11,1.2111999999999998,true,1,3,0.0,true
