vmId,allocationTime,allocated,fromHost,toHost,migrationTime,migrationSuccess
12,230.32155714285713,true,2,5,0.0,true
13,230.31075714285714,true,2,5,0.0,true
14,230.30905714285714,true,2,5,0.0,true
15,230.30825714285714,true,2,5,0.0,true
16,230.30805714285714,true,2,5,0.0,true
17,230.30885714285714,true,2,5,0.0,true
18,230.30915714285715,true,2,5,0.0,true
