vmId,allocationTime,allocated,fromHost,toHost,migrationTime,migrationSuccess
9,747.5418166666667,true,2,8,0.0,true
10,747.5320166666667,true,2,8,0.0,true
11,747.5311166666667,true,2,8,0.0,true
12,747.5305166666667,true,2,8,0.0,true
13,747.5302166666667,true,2,8,0.0,true
14,747.5302166666667,true,2,8,0.0,true
