vmId,allocationTime,allocated,fromHost,toHost,migrationTime,migrationSuccess
7,0.5849666666666666,true,1,3,0.0,true
8,0.5772666666666666,true,1,3,0.0,true
9,0.5718666666666666,true,1,3,0.0,true
10,0.5696666666666667,true,1,3,0.0,true
11,0.5758666666666666,true,1,3,0.0,true
12,0.5678666666666666,true,1,3,0.0,true
