vmId,allocationTime,allocated,fromHost,toHost,migrationTime,migrationSuccess
6,3151.1829333333335,true,1,10,0.0,true
7,3151.172733333334,true,1,10,0.0,true
8,3151.1703333333335,true,1,10,0.0,true
9,3151.1699333333336,true,1,10,0.0,true
10,3151.1698333333334,true,1,10,0.0,true
11,3151.1698333333334,true,1,10,0.0,true
