vmId,allocationTime,allocated,fromHost,toHost,migrationTime,migrationSuccess
0,388.00921666666665,true,0,7,0.0,true
1,387.99491666666665,true,0,7,0.0,true
2,387.9927166666667,true,0,7,0.0,true
3,387.99101666666667,true,0,7,0.0,true
4,387.9911166666667,true,0,7,0.0,true
5,387.9909166666667,true,0,7,0.0,true
