vmId,allocationTime,allocated,fromHost,toHost,migrationTime,migrationSuccess
29,420.13692000000003,true,5,10,0.0,true
30,420.12532000000004,true,5,10,0.0,true
31,420.12362,true,5,10,0.0,true
32,420.12302000000005,true,5,10,0.0,true
33,420.12282000000005,true,5,10,0.0,true
