vmId,allocationTime,allocated,fromHost,toHost,migrationTime,migrationSuccess
0,6.231983333333333,true,0,4,0.0,true
1,6.222483333333333,true,0,4,0.0,true
2,6.218183333333333,true,0,4,0.0,true
3,6.217083333333333,true,0,4,0.0,true
4,6.217083333333333,true,0,4,0.0,true
5,6.217083333333333,true,0,4,0.0,true
