vmId,allocationTime,allocated,fromHost,toHost,migrationTime,migrationSuccess
6,161.92844285714287,true,1,5,0.0,true
7,161.91914285714287,true,1,5,0.0,true
8,161.91834285714287,true,1,5,0.0,true
9,161.91824285714287,true,1,5,0.0,true
10,161.91814285714287,true,1,5,0.0,true
11,161.91824285714287,true,1,5,0.0,true
12,161.91824285714287,true,1,5,0.0,true
