vmId,allocationTime,allocated,fromHost,toHost,migrationTime,migrationSuccess
12,0.1219,true,2,3,0.0,true
13,0.10779999999999999,true,2,3,0.0,true
14,0.10629999999999999,true,2,3,0.0,true
6,0.9684999999999999,true,1,4,0.0,true
7,0.9541999999999999,true,1,4,0.0,true
8,0.946,true,1,4,0.0,true
9,0.9416,true,1,4,0.0,true
10,0.9405,true,1,4,0.0,true
11,0.9521999999999999,true,1,4,0.0,true
